0.9374309764787713,0.782731999369781,0.6113967437874893,0.7349612864800477,0.9339612822647794,"(0.9368822904405553, 0.9368903399490219, 0.9987407282820476)"
0.7465060626818137,0.8860840594566889,0.6646507408527366,0.8641100742456236,0.6071213035606517,"(0.719164243827921, 0.5665020806161108, 0.9999349749450335)"
0.8354829952587486,0.8169546436285097,0.7730097662030186,0.7261538461538461,0.8281951995242189,"(0.8340434203906434, 0.9383929722990498, 0.9975433337412724)"
0.9662920633304485,0.9087124990408962,0.7286159216406121,0.7745826829978043,0.9327314973526835,"(0.9627229095413025, 0.9604653448663222, 0.9994341271819397)"
0.981702508216702,0.9078249169574907,0.6858694800616301,0.6779276618866498,0.9076348104644955,"(0.9778253373758992, 0.9720156377852532, 0.9997986319708757)"
0.7670040285150371,0.49638436082853293,0.4449244060475162,0.42833607907743,0.7390661478599222,"(0.7548060964159372, 0.9394447329902261, 0.9973783283398339)"
0.9810220171858071,0.9164940034690118,0.7652122798035534,0.7088886286450404,0.8862236718067282,"(0.9772968125866145, 0.9930913940639005, 0.9994607889013597)"
0.9337248212913895,0.8669067223228825,0.6819058928306367,0.8337236533957846,0.8761011263533968,"(0.9266634008587153, 0.8803777975497913, 0.9998371300529525)"
0.8594665583679238,0.9252883022263186,0.7704075719528685,0.8543196077933294,0.7348824927383153,"(0.8455532434108707, 0.8205033017222954, 0.998789545450479)"
0.9452033853551427,0.8711620457057775,0.6999754062695095,0.4052378681729817,0.8437748228896911,"(0.9318633465240457, 0.9779478437488666, 0.9984822869001108)"
0.9044539707912519,0.9423506720142056,0.7805153547476174,0.9313439290734133,0.8641191993674202,"(0.9004828285580226, 0.9258037409355451, 0.9990540562501354)"
0.9729371986640056,0.9153427128162643,0.8428381962864722,0.627177329142918,0.9178139555859065,"(0.9697934687753571, 0.9695114485123056, 0.9995550066139818)"
0.9669513026872186,0.8579368932038834,0.7017212501336374,0.8084329096582693,0.8334076827757125,"(0.959821695090645, 0.9381467361705439, 0.9998543231226331)"
0.9427591817759182,0.6897646888985131,0.5597871278895726,0.002188183807439825,0.85066753974317,"(0.9314114615973818, 0.9622329328825264, 0.9998378454565082)"
0.9491026902705751,0.619958988380041,0.6181082762912259,0.043478260869565216,0.8614229313952421,"(0.9404288912759321, 0.9097274965571923, 0.9996594387190526)"
0.9607709310407444,0.0,0.0,0.0,0.8926620625774726,"(0.9543802928690536, 0.9728337514659383, 0.9994988389675247)"
0.8540261865262433,0.5540302871108471,0.4091853402477124,0.18020812079167517,0.8316194848021627,"(0.8260746792305401, 0.7355528460325005, 0.9992493790307055)"
0.9559891419673984,0.9215353482603303,0.7801043662064866,0.9257371443318924,0.9013473232383451,"(0.9524348473566642, 0.9353027200935946, 0.9997781842893263)"
0.9133625071829554,0.8574365216215303,0.3205241215008934,0.7389670474931546,0.6642878526753566,"(0.8808136294074127, 0.7942334932602239, 0.999885668813527)"
0.9471842339118741,0.6583331147196936,0.5307666328942925,0.5473028557997415,0.8347708894878706,"(0.9337783606298746, 0.9180278604457284, 0.9994344876823212)"
0.8390375067486741,0.0,0.0,0.0,0.7686456505744524,"(0.8170518944544044, 0.7217899659863946, 0.9997613597491641)"
0.9861765455774922,0.7518545106484805,0.6350243123593875,0.6625808648280559,0.9265916481841808,"(0.9844204845016928, 0.9746184103109616, 0.9999751195976174)"
0.9773346576005297,0.8935559881159717,0.8469960855505758,0.6701846965699209,0.9453670439910526,"(0.9758702960633336, 0.9899884482094725, 0.9998407066325776)"
0.9501469674143217,0.9438597114002236,0.9059763551706298,0.5751445086705202,0.9135186558499442,"(0.9477375390698343, 0.9762010397824875, 0.9991656594860793)"
0.9484013928458372,0.8197865066629456,0.6777853030816119,0.5093216977389925,0.8766853440728419,"(0.9409431551648519, 0.9379918640459263, 0.9998352421530142)"
0.9533471933471933,0.9192279501588078,0.8169691668488956,0.872813519122443,0.9129806937686391,"(0.9504097791359911, 0.976490126372058, 0.9996600641163411)"
0.9010488241628146,0.9045294466334252,0.4914101548630268,0.33502048686430463,0.8297286314173478,"(0.875366228316661, 0.9662376761728313, 0.9983512291037893)"
0.9584839284853742,0.7820502264306299,0.7389392149140082,0.2607675548852019,0.7558246902445833,"(0.9450521414676148, 0.9979121767241379, 0.9996192687372042)"
0.9682675068321468,0.9282182053846912,0.7786777262747011,0.8462436226616425,0.917843895509431,"(0.9648984307307211, 0.9483245861929753, 0.9998446914274306)"
0.9318949890349487,0.8184434548153534,0.7199304322965681,0.610079575596817,0.8964550723067757,"(0.9256529548681359, 0.9846845945038833, 0.9972245396816354)"
0.8965980127656774,0.8632052168758028,0.7689458607019879,0.5839662447257384,0.6916424889439734,"(0.8741772760028825, 0.9639073315440034, 0.9992314105365238)"
0.8967985883539198,0.8127742564602632,0.5781405095400904,0.48687866625501697,0.6663567538849781,"(0.8525534826766549, 0.9238935289985168, 0.9996499139039629)"
0.8951059022620688,0.0014824423237283424,0.0,0.0,0.7764705882352941,"(0.8698468721030235, 0.9964686012590204, 0.9987029943877896)"
0.9660246748171719,0.9247193431792613,0.8300414533040722,0.6970676775560263,0.8973800954214447,"(0.961680371736913, 0.9751762182041066, 0.9997668781722888)"
0.8240929193383016,0.9334842589317297,0.8112412611694986,0.8663973505113367,0.6945264266228482,"(0.8088467614533965, 0.6827113822659729, 0.9999345308699996)"
0.9703150628415026,0.808828461597998,0.6668949576234912,0.7268922948161323,0.8385739738682856,"(0.9632187920801955, 0.9918346385928875, 0.9994039137636244)"
0.8645724817693725,0.6044052863436123,0.5990147783251232,0.24166666666666667,0.8169957686882934,"(0.8542475204829668, 0.983907817621933, 0.9996391182778069)"
0.9829851547589716,0.8600639186016176,0.8160814773717999,0.7438305709023941,0.9412328890703714,"(0.9816479920674269, 0.9725789465411276, 0.9998705472903375)"
0.9377159083373023,0.9468181480656419,0.6929985487801539,0.7177581618744726,0.7824609763133433,"(0.9202824183031753, 0.9224819392664325, 0.9993985452029458)"
0.9846665196967899,0.9594805530668982,0.8925412238173053,0.8955058149728246,0.9528235142783638,"(0.9837974992025975, 0.9917555420676898, 0.9996151085604525)"
0.9287206516530906,0.32099134069871604,0.29984,0.0,0.8261318908459221,"(0.9138382410861154, 0.8732344476422405, 0.999903830047021)"
0.9524199437891429,0.38570309981115564,0.37549883990719257,0.0,0.7664681123749326,"(0.9338665026145802, 0.8993157380254154, 0.999898553903344)"
0.9532339811048295,0.7264035575319622,0.488494897261211,0.7581654325239653,0.6573687551699594,"(0.9294048925045235, 0.9084250104442279, 0.9998121523564963)"
0.9584306633511667,0.9401005944215821,0.869645082988913,0.8166666666666667,0.8900149031296573,"(0.9545990727786465, 0.9783513270355375, 0.9998574401001467)"
0.9826829962973512,0.7036968233327141,0.6871930487344163,0.3146067415730337,0.926161402092374,"(0.980884109916368, 0.9818719707937307, 0.9999640871555355)"
0.9213634616296031,0.3261031748224697,0.2509892594686263,0.49528627270636927,0.7926848309782184,"(0.8983603433137537, 0.9320133318269123, 0.9988547600570096)"
0.9700073583517292,0.913571165869805,0.7239536726919439,0.7260082105771553,0.9304598978004888,"(0.966677203806451, 0.9794029619976365, 0.9995186505630792)"
0.8911588245097495,0.8056951723397786,0.6703771109324078,0.40471512770137524,0.7265751807584477,"(0.8635453484930267, 0.9447037086420693, 0.9985587291627402)"
0.9744485844053414,0.9017847994918137,0.8149274868217461,0.6952202436738519,0.93152887306029,"(0.9719124637507848, 0.9580496861462293, 0.9998971027709512)"
0.9290155383995558,0.935926256785809,0.7441164968138213,0.9212644268639337,0.8030608627623553,"(0.9209243085880641, 0.9146226869699307, 0.9993264743347788)"
0.9335879618977497,0.6846682168250426,0.5148755312689739,0.6997772102374613,0.7644724964837764,"(0.9127406404179162, 0.8973535915543192, 0.9993424758449463)"
0.96160006955661,0.9509755926987902,0.8743677514944056,0.8886908501219887,0.8573398144056562,"(0.957783864267201, 0.9683824731998156, 0.9991765347717589)"
0.9766068173999605,0.9403044175981438,0.693193130910901,0.8596392121417542,0.9093777794965002,"(0.9730309013889592, 0.977311059693017, 0.9995774518767165)"
0.9633558688147296,0.8787493576393585,0.6798754837624096,0.7628209984092115,0.8914744340753309,"(0.9577651593650267, 0.9440892284436092, 0.9998490703851636)"
0.9000784920916529,0.6276539875459525,0.557400492571701,0.1778975741239892,0.8738511787904585,"(0.89477319564282, 0.8718692764304786, 0.9992105451155975)"
0.9691718213919011,0.7940014923471709,0.5945134897941851,0.8456991439054219,0.8794676175470603,"(0.9640094259635007, 0.9695027286413248, 0.9995965411273765)"
0.9708770001787499,0.9412114296581562,0.8201235657546337,0.8724168099677195,0.8841998296397029,"(0.967244730042666, 0.9688245823389021, 0.9997391722304841)"
0.9450350095480585,0.33935311066920987,0.31240848330263093,0.31181556195965415,0.8673379822599782,"(0.9366685919121355, 0.9378465210207454, 0.9991996552780661)"
0.9638196447356366,0.8708077032666812,0.6120104789413582,0.3199573390214638,0.8873024484477278,"(0.9543193774703952, 0.9535397172052096, 0.9993586952047301)"
0.9202459970621758,0.8595566207309766,0.7199108469539376,0.5226006191950464,0.8988512454453544,"(0.9166204686076224, 0.9007276051646191, 0.9994168181153162)"
0.9856450028648605,0.9331037114188778,0.7317259982017383,0.7390892097634979,0.921899270058172,"(0.9829776391938948, 0.9892307692307692, 0.9997821258246011)"
0.963419773262208,0.9283039972657646,0.7916893881557422,0.8795724551330661,0.8437613898675738,"(0.9579974744196476, 0.9845717196710574, 0.9996708517552565)"
0.970967801457699,0.536994357466423,0.39141089975493054,0.4282088954187258,0.8604669080822868,"(0.9638629483828589, 0.9368085505344084, 0.9999101186899765)"
0.963405576936061,0.42484390404206374,0.3751549172559598,0.22429906542056074,0.7799404937654728,"(0.9483686592045725, 0.9733098694823288, 0.9998177306089865)"
0.9850319991017796,0.9206349206349206,0.7504474590497822,0.8585087565534716,0.9586533724340176,"(0.983957219251337, 0.9851687017813372, 0.9994686069089894)"
0.9164098511787172,0.8772682803673431,0.697544543923411,0.6779178082191781,0.8753713396520016,"(0.9092079477019469, 0.9374078225473423, 0.9990456477414661)"
0.9898619379354021,0.7329229621339303,0.5991619489145456,0.5807410795974383,0.946385648121006,"(0.988846526872011, 0.987426529521774, 0.9998003520356017)"
0.9849162704155469,0.9470773338418995,0.8647401891330851,0.8374859901715666,0.9746175626056768,"(0.9844391171928987, 0.9825698228882834, 0.9998182097303328)"
0.970553315689233,0.9039229795786705,0.6509320162960602,0.7725078412655121,0.8657938210419903,"(0.9639007231984474, 0.9501434720229556, 0.9998388006041473)"
0.9430859789636206,0.4701834862385321,0.5170239596469105,0.0,0.9056221160014071,"(0.9390135456519492, 0.9428547697163503, 0.9998233019264583)"
0.8570905570033671,0.894134155203087,0.557680718945686,0.781469832657079,0.5010321746564631,"(0.8161474439617509, 0.7900748704165866, 0.9986203090820527)"
0.9783794520757254,0.8877190718085352,0.5654950096088277,0.9401760993084625,0.48142697881828317,"(0.97266175930756, 0.9597010942087003, 0.9999192042658342)"
0.9841794557995377,0.9275618491086209,0.8317230567303485,0.8188130861192641,0.9436443991779278,"(0.982774025231407, 0.9892946714908314, 0.9994647788945968)"
0.9539386551962589,0.9041985794090139,0.8445978465642662,0.3924386814560225,0.8871066433566434,"(0.9486207347365668, 0.9937547934699243, 0.9991630260068981)"
0.9853316135225125,0.9247191708558307,0.8251547110607513,0.8290948275862069,0.9649532248175471,"(0.9844961240310077, 0.9836696550194823, 0.9998956131923709)"
0.9648885232330562,0.8988573846804909,0.8297082762004202,0.8032933462484166,0.848739871972783,"(0.9596367246473868, 0.9872363570435728, 0.9993416385377062)"
0.9673841154445041,0.9067949488875526,0.8241148325358851,0.5981665393430099,0.9541357278535659,"(0.9664198510527642, 0.949883007651932, 0.9998292256322361)"
0.9710946989372878,0.9361740358082525,0.870107229787514,0.823330021623517,0.9389989221234168,"(0.9693739473716879, 0.9744831315778526, 0.9995075342487545)"
0.867639657775541,0.697692608525616,0.5807002561912895,0.0,0.6817509948834565,"(0.8256133371222886, 0.8996696944673823, 0.9998481193703287)"
0.9701803313176647,0.8841944588445366,0.701094225698381,0.5443634804972138,0.8464692482915718,"(0.9614187406652616, 0.9593698637769172, 0.9994026752416666)"
0.973939761872313,0.9275042750427505,0.9054916985951469,0.25888324873096447,0.9487252007614156,"(0.9728777629634596, 0.9502896871378911, 0.9999254724672936)"
0.8109633094576816,0.7805460032282967,0.7579174147217235,0.19753086419753085,0.7102896918446853,"(0.7914866172202515, 0.7926624467123111, 0.9992678079133639)"
0.9432247067894972,0.9150583750297832,0.8213780084945729,0.7655866470299459,0.9233393160867155,"(0.9411274575814705, 0.9542587962212304, 0.9990200342249924)"
0.9103048909855604,0.8636161705908485,0.7833724063123272,0.8070458518219712,0.784112806329487,"(0.897570013539514, 0.9536630424906872, 0.9993636670416198)"
0.932258064516129,0.8462318191461776,0.6990448963680073,0.7605464386974826,0.6489079519160224,"(0.9113229724435158, 0.8574588350946178, 0.9999332320723899)"
0.9799283192297246,0.9437118393005528,0.8577738319831317,0.6667960788119965,0.8931106525998884,"(0.9769659041600713, 0.9701887479516902, 0.9998513619681351)"
0.8173470951316394,0.8962629540458494,0.7764762593395999,0.7814000505433409,0.7988329156741727,"(0.8134522706023507, 0.7711544606582571, 0.9981339348105307)"
0.97297664082512,0.7477840053332017,0.6728007895826037,0.5994280686317642,0.8478364794501079,"(0.9665995722732419, 0.9670050761421319, 0.9998181320230721)"
0.8012515369122059,0.158806860551827,0.3953285135457218,0.00038208042793007926,0.8528074394010188,"(0.7882544229406757, 0.8651941861636064, 0.9966605194712265)"
0.9520790024814088,0.8771160583116736,0.5257275362318841,0.7640251295051251,0.8905323527506757,"(0.9439740032857964, 0.9450218843166928, 0.9992826426571679)"
0.8971145919208574,0.0030441400304414,0.003048780487804878,0.0,0.8391876579796043,"(0.885273028130171, 0.9832550541147641, 0.9998693188001493)"
0.9350492042866445,0.8932300803333417,0.69827900653248,0.6820194491840345,0.6829735190896522,"(0.9140338926919589, 0.9048903526746794, 0.9988482207759305)"
0.931221052631579,0.5997148347901556,0.0,0.5579092867015976,0.565108245542515,"(0.8890775133263165, 0.8823519501305703, 0.9993110710597651)"
0.9126070734142624,0.7249231438909596,0.5225445915945801,0.4014674066409557,0.8302801403675727,"(0.8964672841598472, 0.8264840182648402, 0.99984574902767)"
0.9350394408900538,0.7196793483947298,0.13367908552074514,0.6469568550248695,0.5851481207710241,"(0.9022638358409748, 0.8507472479405118, 0.9994488614100185)"
0.9603457143047976,0.9067955112219451,0.7208162486888529,0.4536684857505099,0.8782330717814589,"(0.9511233318789156, 0.9491464156027669, 0.9996789793848739)"
0.9767100861271265,0.9501636574807306,0.874173664916681,0.8299088430987485,0.9472861321148895,"(0.9749759089588081, 0.9752071173397183, 0.9996241269315272)"
0.9598536075994282,0.9220392745380595,0.7914892557456239,0.7942091733189014,0.9256308627772027,"(0.956652856149876, 0.9569671121428298, 0.9990859925262136)"
0.8032648739273345,0.7189775402010603,0.5412222323517792,0.6784576163161249,0.7076535905869886,"(0.7760832776776254, 0.678922860657178, 0.999085725765682)"
0.9709571923658906,0.9323595319113619,0.7860059896542336,0.8381883903891133,0.8563640673145295,"(0.9660717340480127, 0.9927340911754365, 0.9999402331825371)"
0.9398550724637681,0.8301435406698564,0.4372523117569353,0.8560943060498221,0.7668897386870618,"(0.9232618343195266, 0.9227499537978192, 0.9999075631515312)"
0.952944829435592,0.9096950995835401,0.730338240871634,0.7903114186851211,0.9117792015771315,"(0.948110564651684, 0.913518782334858, 0.9998982462900552)"
0.9793080980179799,0.9540448823207444,0.852613642609795,0.8451584889274859,0.8953471598033668,"(0.9767179202663073, 0.9787833960465832, 0.9997092337953146)"
0.9250083696016069,0.872888217196524,0.7878672262495231,0.6643665299017779,0.7896265811293348,"(0.9108231288781505, 0.8452082192129836, 0.999904818191428)"
0.9695103027889846,0.6864258397456573,0.48690613275881284,0.9303002729754322,0.8570890220062337,"(0.9635417760693455, 0.9753010297734215, 0.9992089228118051)"
0.8746487456410603,0.6698034453972831,0.5124007181765619,0.38800599700149924,0.7552310568960912,"(0.8417904070077983, 0.8071124221566699, 0.9993916711731194)"
0.8768388641806363,0.7887185683002341,0.5286887703099706,0.7035790761700826,0.4484621778886118,"(0.8149236192714454, 0.7875088715400994, 0.99977029470426)"
0.9665121918638704,0.8429763141143757,0.7686762012392346,0.6967526265520535,0.9204982368821014,"(0.9636349434829667, 0.9587956212483439, 0.9995205744724924)"
0.9589520959485976,0.9536085934877475,0.8156096547065396,0.8984605124214973,0.9241888160165689,"(0.956393685666383, 0.9252264479675032, 0.9998869338769579)"
0.9539363151697954,0.9065429479603297,0.6358412435497228,0.7214312930825453,0.8675642977952462,"(0.9442040829407429, 0.970014239737923, 0.9988286062441608)"
0.9801643777129438,0.9558701082431307,0.934711578447098,0.7428087986463621,0.971644652522535,"(0.9798325103550564, 0.9917978762358111, 0.9995957767517192)"
0.9353710034184597,0.3780248528449967,0.37056504599211565,0.0,0.7238786068590325,"(0.9078290794379122, 0.9069447627779051, 0.99991083004442)"
0.970808536976127,0.7476972333962729,0.21040537355644592,0.6463877601632996,0.4501279614223056,"(0.9487629366494739, 0.937296393735338, 0.9995360330332587)"
0.9408625414683398,0.925994093224329,0.7387825541261375,0.8472915685350918,0.8754244416061805,"(0.9341286098726754, 0.970173535791757, 0.9997118363796853)"
0.9007556527654843,0.9347983528876198,0.809993333099407,0.8858180351018762,0.8136598171449262,"(0.8924304052393298, 0.8126082938662355, 0.9999334722922828)"
0.9360703996977473,0.8366905852857266,0.7583063209076175,0.7067846607669617,0.8875971976287628,"(0.9310069485737585, 0.9678216947476246, 0.9996459623182522)"
0.949837773660993,0.9055049641188331,0.7680863928455924,0.7981153456193714,0.8548289350449011,"(0.9419209575161462, 0.9542698666154419, 0.9993213978005046)"
0.8870568837592745,0.829541871255462,0.6915507788388221,0.6892092305866999,0.8517102124256811,"(0.8803345730643991, 0.7950760722309875, 0.999769538558751)"
0.9234683316082936,0.9035026361121261,0.5943091680501752,0.839155235896751,0.7743561237724662,"(0.9068309853430125, 0.8401771457837496, 0.9999038227137297)"
0.9738108232156354,0.8899248369356072,0.7246889794943023,0.7992938506157791,0.8830219822731923,"(0.9690855034219159, 0.9901568731134466, 0.9988887847020934)"
0.9554185227692726,0.933290050316507,0.6928636832979407,0.8347966224042707,0.8784223023601141,"(0.9490984848148329, 0.9921615973995821, 0.9987943484415918)"
0.8997794230055254,0.661591263650546,0.5985621362547073,0.6873239436619718,0.6943287192581642,"(0.8687844908929746, 0.7859286083807553, 0.9999493444088245)"
0.9677753165068637,0.8900789688662976,0.8750193396664294,0.005449591280653951,0.9438914027149321,"(0.9664468700019642, 0.9889854939299619, 0.9994319506272306)"
0.9561246292693817,0.7557708093909046,0.6026987121647117,0.38218343487567924,0.8877701258608407,"(0.9494365917660809, 0.9118234633874304, 0.9998554577477442)"
0.969962541522369,0.7724637681159421,0.7242546333601934,0.7971223021582734,0.9438170569347639,"(0.9684863045186932, 0.9836129770762418, 0.9998222226420211)"
0.981123973755625,0.930670336022928,0.6848534201954397,0.8906138146905661,0.896546711608173,"(0.9782214515729503, 0.9974842386032978, 0.9995294720999194)"
0.9864875812122292,0.9067507092340272,0.7839184970148436,0.7619276218611521,0.9168460783779364,"(0.9845403822270006, 0.98842467665395, 0.9995180813926434)"
0.9469110266647426,0.9059936459765755,0.7165770609318997,0.8811058515459764,0.8393790452090126,"(0.9391199887225188, 0.9771315604872138, 0.9990789378546697)"
0.9611162076248586,0.6104493207941484,0.5599807235551272,0.20327229385632245,0.8928372899507866,"(0.9549594966613782, 0.9352540272614622, 0.9997247035482931)"
0.9428356525009403,0.8961012726415729,0.7790603153958706,0.5382502942330326,0.9071716743731923,"(0.9383963087666791, 0.9626147302440117, 0.9996871008652791)"
0.9432629131232518,0.8980268056589724,0.7735007303880927,0.7753791371252344,0.8620963346179225,"(0.9350994092098519, 0.9119494869771113, 0.9995847903559794)"
0.9258756185116911,0.7416832339297548,0.1694488188976378,0.05835240274599542,0.7403779937256102,"(0.87263482537301, 0.805927636643572, 0.9999399307890411)"
0.9557560262965669,0.9343587868260462,0.7399734311740891,0.9556808015745214,0.8378548001781593,"(0.951251509054326, 0.9139788272230256, 0.999887321160756)"
0.9030687799656907,0.6378770281209306,0.5518183619619745,0.5600765377905341,0.8306735360643378,"(0.880622618682172, 0.8022438085524638, 0.999726561659207)"
0.9153798964991112,0.8799032541776605,0.747205227896334,0.6873066874868623,0.8287552141580207,"(0.9037288014268586, 0.993038986916966, 0.9964334166556792)"
0.9048788879298377,0.9130593555998764,0.7355161209697576,0.8591766063870719,0.859972015929394,"(0.8988062749227835, 0.8862016132095779, 0.9992342879782761)"
0.8931194522169772,0.8466153757822816,0.7533655229750903,0.33445661331086773,0.8535688405095078,"(0.8850801358289998, 0.8282968466947097, 0.9991927977360867)"
0.9797463719877513,0.8816261222554742,0.7837801905606027,0.9206008583690987,0.9572271457820071,"(0.9788913171679329, 0.9654199132718082, 0.999906316164209)"
0.7596962268905638,0.8957822603995753,0.7731852158241499,0.8172402271967926,0.6328716031889511,"(0.7386120109643658, 0.9945475287722713, 0.9953017327378486)"
0.8955950712019479,0.9022853794315852,0.7660802308339678,0.8825845154033619,0.7787099069188356,"(0.8834167542070898, 0.8349849119049937, 0.9993546589358862)"
0.9781438896663156,0.9284001787963753,0.7568930459536397,0.9001949001136917,0.7638190954773869,"(0.9737202726846953, 0.9895638684201248, 0.9998629382728625)"
0.9565638975739106,0.7634017299778854,0.6722548757681005,0.7459768125973352,0.8578468130690948,"(0.9482841895696632, 0.9160502537724469, 0.9998410008221946)"
0.9624437333911817,0.8977362865336507,0.8234789056706865,0.8360587002096436,0.8654887988676851,"(0.9575920879390061, 0.9983081686723912, 0.9996944600444376)"
0.9549230300259107,0.9028131102549216,0.7229405354460577,0.6134406798613441,0.9069498122101974,"(0.9492002147074611, 0.9141835025538162, 0.9998008028125821)"
0.8695559024270805,0.11603251826379095,0.0,0.0004037956793862306,0.5322751720765788,"(0.7346036490441497, 0.6099582916824653, 0.9996665584294845)"
0.9881200244947949,0.9444771477758649,0.8527442247925411,0.8481512331148372,0.9527160055514314,"(0.9871890821043363, 0.9849602923606718, 0.999863945083784)"
0.9674075920086138,0.9319162101661601,0.7481878348566026,0.8839561775061212,0.9356403224138695,"(0.964829110367155, 0.984042366146467, 0.9990960001768795)"
0.9619799555283426,0.38991850683491064,0.32199526606469714,0.037844940867279894,0.8044867426216495,"(0.9466781162433336, 0.9789499266238562, 0.9989123216884377)"
0.8934619668850416,0.8321841222512113,0.6879116492581997,0.8120628011814084,0.7716725391232581,"(0.8760243425533317, 0.9430044461261943, 0.9995015237894346)"
0.8748677648481185,0.8324825362708221,0.7094333715955338,0.4036639292482628,0.5773172135866437,"(0.8336848448327809, 0.7696087520860374, 0.9997207908203314)"
0.9808999600122316,0.876334773323316,0.6773516150948058,0.7006544362192898,0.8195675801916875,"(0.9749599111878623, 0.9843803514161469, 0.9996174468765849)"
0.9714163895870798,0.9250057616962434,0.8328959003926285,0.8024118738404453,0.8299154599481041,"(0.9665630266635025, 0.9595042444279406, 0.9996308219279476)"
0.9804021824689348,0.9598876229124396,0.870058622527352,0.9288930290327589,0.9527128033767147,"(0.9793803486865855, 0.9731463376893753, 0.9998865950362964)"
0.9605672579188116,0.6384783798576902,0.29780818740577525,0.5966961455030869,0.9148179590267655,"(0.9563041233018194, 0.9458737368181175, 0.9997678820831951)"
0.8497978746580814,0.23492875411033978,0.22607722439843314,0.035398230088495575,0.7867216259656764,"(0.8330193756727664, 0.748120936752302, 0.9997761884304279)"
0.8661407700644133,0.7482599422230621,0.2631192121123034,0.7520474722989042,0.30663295326240797,"(0.7841642684918722, 0.6462654803722981, 0.9999729203020494)"
0.982573848432101,0.8849636811622028,0.8768985366530273,0.516369664318276,0.9755129627688605,"(0.9822201310793169, 0.9830409550654949, 0.9996798554665391)"
0.920505480432408,0.9174263141902157,0.6257474359482041,0.7804255008575703,0.846096376540904,"(0.9071593533487298, 0.9004650350413729, 0.9995624573781878)"
0.9709274171852862,0.9326976034241294,0.8667964355233316,0.5667372881355932,0.8907745230897529,"(0.9671815844350414, 0.9549243408559378, 0.9998887462240502)"
0.9598333940361788,0.8983411474514678,0.869781827994935,0.6675445705024311,0.9027946367530312,"(0.9566155925638258, 0.925608542036737, 0.999832237743084)"
0.8689047573265276,0.8838535367830584,0.7060787148115584,0.6969006305212198,0.2898785894352525,"(0.8301859022258452, 0.8312493623388842, 0.9982853965984774)"
0.97928726716895,0.8855786505490845,0.7125860989355041,0.33437378072571206,0.9510072580618567,"(0.9771120431396045, 0.9852642481084036, 0.9993748712911387)"
0.9815743436225095,0.92808158700259,0.8358716842913688,0.9196980631570735,0.9180839605544053,"(0.979815892020105, 0.9710379618366753, 0.9998314604758304)"
0.9211212582964319,0.9106302916274694,0.8707794437449926,0.6698795180722892,0.9029201051963363,"(0.9192601199635713, 0.8591722923393015, 0.9999418641857245)"
0.961554452297684,0.9268219959960813,0.7983463771774805,0.8062360801781737,0.8361474844934528,"(0.9550008587622374, 0.9276498720943165, 0.9999390057326734)"
0.9267564457437876,0.8117049384353291,0.0523447967842787,0.821339507408349,0.7672066370706212,"(0.9133112119602657, 0.8807647446625082, 0.9989123612478613)"
0.9321288870128043,0.8682536117972902,0.7223453212885631,0.8393111769222332,0.9029458720032857,"(0.9285312124031743, 0.8744906730372074, 0.9999076290795883)"
0.9721302334050277,0.9062697910069665,0.7610324162353582,0.8040959310158987,0.875884656787522,"(0.9673366499059711, 0.9773345910254683, 0.9998190095568131)"
0.9683622304382838,0.926039902819701,0.8145831503118686,0.3936363636363636,0.9440732428848312,"(0.9654602946390841, 0.9862654811051127, 0.9993505175333048)"
0.9459959091969854,0.8743024676730646,0.6275106039271244,0.563379715273868,0.7785625746546168,"(0.9273740954068823, 0.9341747199682621, 0.9985092950647506)"
0.957638171838487,0.7205312672938572,0.72,0.0,0.9370893019829809,"(0.956111705421992, 0.9261289267015707, 0.999860791927157)"
0.9543609992000848,0.909036312993777,0.6918719909374115,0.6252157848511463,0.8814911795577928,"(0.9464457921693847, 0.9431512407636783, 0.9993356617781308)"
0.9773503213870186,0.8740833430334071,0.8065989286222208,0.3408631772268136,0.932675121286918,"(0.9748871242320747, 0.9657476850881971, 0.9998322422847603)"
0.9823977084255221,0.8698901523692942,0.7797614407110003,0.6943774355167934,0.9677431527785115,"(0.9817418633740588, 0.9783038301735275, 0.9997603502167213)"
0.9709861195403199,0.8874528077276284,0.7787258499491578,0.746682394573872,0.9142488008026719,"(0.9678385416666667, 0.9661821096644208, 0.9998419482964775)"
0.9337456264362484,0.8554098636435854,0.7548535550339373,0.7117371807369858,0.876445122914956,"(0.9267727651154092, 0.8744755821962646, 0.9997452742360402)"
0.9777013234248492,0.6647436094147973,0.584145570672965,0.16072842438638163,0.9148580428028995,"(0.9747413600486362, 0.9864019266566407, 0.9995954712736986)"
0.8730501605750115,0.731417471290636,0.6781794604168644,0.17173207435821777,0.7082938320549284,"(0.8430320506759951, 0.7306864974494499, 0.9999846660058768)"
0.9834212408963461,0.8927588450182655,0.810817336713751,0.7099795141937372,0.9756661334997855,"(0.9830148909921106, 0.9834581261044616, 0.9997827696271329)"
0.9611350821928687,0.927296971236269,0.8031361368496079,0.8623097876175068,0.7720096036124847,"(0.9541110062323017, 0.9182639665980821, 0.9999379419020694)"
0.9682311586673447,0.9363066202090592,0.8704258603468628,0.8456697632604135,0.8525978346337628,"(0.9643857344667773, 0.9891204880528724, 0.9998626751201003)"
0.8823172096294638,0.6993691537959539,0.6259273230227587,0.8090249798549557,0.7198551052750736,"(0.8559915496263839, 0.913875198396124, 0.9997026871472214)"
0.9600890232357289,0.9140886888229097,0.7980329685552016,0.8258845437616388,0.9009586289317771,"(0.9560525978895006, 0.9904133985070668, 0.9997583955848647)"
0.9527734853876818,0.8933145324242997,0.677999634420395,0.6569909598689966,0.8815487097678228,"(0.9444690173965894, 0.9500710618301942, 0.9988961785729643)"
0.8601096946338571,0.891421918425599,0.8385625684056913,0.7803320561941252,0.7324288583043542,"(0.8463004283457385, 0.7716593899432712, 0.9996049511434789)"
0.9685785268726876,0.9464257930676808,0.0007012622720897616,0.9282194588604012,0.7581226000278546,"(0.9650016921821186, 0.973529352694262, 0.9995014166979131)"
0.9589534766553456,0.890968456649758,0.7977435431631031,0.7027813880946192,0.7939518273687409,"(0.9503359940331476, 0.9179146866904033, 0.9998868929516438)"
0.8031643311475006,0.7564677804295943,0.7477162293488824,0.3783783783783784,0.7777259068822451,"(0.7975373946495913, 0.7091674262116149, 0.9993038260597189)"
0.9709552645447405,0.6902470324029516,0.6457559422394772,0.212367270455965,0.9365084770131251,"(0.9686750433430446, 0.9627042773909337, 0.9995996025194732)"
0.9803271517537498,0.906721836519525,0.8674790555978675,0.7299163940385315,0.9438338746122634,"(0.9789568301031841, 0.9796685355184523, 0.9998000268742164)"
0.9752457865168539,0.873681147879883,0.5561949392968311,0.26378522380175917,0.7652198224645278,"(0.9590854943645194, 0.9849896480331263, 0.9995011051410996)"
0.9003496747050055,0.9171886673179702,0.8152662799035265,0.2941747572815534,0.7523188836907434,"(0.8831190052125035, 0.8136761916232573, 0.9998914449387356)"
0.9261757454528539,0.8372987974098057,0.7040866131250832,0.47058823529411764,0.5773686517627904,"(0.8955027326002503, 0.8676789587852495, 0.9998764879829545)"
0.8950082338855727,0.2848649884632174,0.46677402949652486,0.007139651585002652,0.3617690366785796,"(0.7458063435920511, 0.5947890239017225, 0.999998409124896)"
0.9762981218662361,0.9095819124401253,0.7509323481231048,0.8272232304900181,0.8939332825408207,"(0.9727650017089009, 0.9877640059494298, 0.9995070294267344)"
0.8840785669418322,0.4816408204102051,0.49292783225631526,0.1395836977435718,0.8010613423803411,"(0.8618967502932325, 0.9643009833262077, 0.9973922952209604)"
0.665230166503428,0.6904847828702033,0.3912452830188679,0.09360189573459715,0.5231186224489796,"(0.5932781553269694, 0.4313122380714368, 0.9999336924207177)"
0.9099103760297559,0.9093024643475147,0.7999176107106076,0.8034188034188035,0.8796775640706112,"(0.9056242434462116, 0.8491134952004518, 0.9997385546941316)"
0.9779064166449979,0.9600149302477488,0.830134795522047,0.8846771164156678,0.9701809811267572,"(0.9770025690743789, 0.9583978968260877, 0.9999541352936181)"
0.954868238069252,0.9430124021736305,0.7574419489912447,0.9267192387329838,0.8042734110977869,"(0.9490231322598989, 0.968641171552193, 0.9989809443650922)"
0.9616401795462817,0.6774770744799821,0.5929879898095354,0.3218884120171674,0.9096926088066489,"(0.9573390658307774, 0.936063180483, 0.9998750128878859)"
0.9710697715917203,0.9571782783307141,0.8113464506673238,0.8725407106967734,0.9075085242852715,"(0.9678655489945079, 0.9986536232872043, 0.9991333642597102)"
0.9701596583487306,0.88956046869201,0.8793263710427033,0.7727272727272727,0.9571268969369705,"(0.9694453877019245, 0.9515808663474097, 0.9999039848436122)"
0.9288836413916084,0.8125588194069001,0.7169966784252131,0.7429755043227666,0.8754701070916603,"(0.9227018575933434, 0.882444516853119, 0.999523376318319)"
0.7047999022920654,0.9339267774117427,0.7101149722258107,0.8005925017877209,0.5621292479048274,"(0.6781949123479454, 0.5150538359245255, 0.9999283727359445)"
0.9105446762974853,0.5214938521694069,0.04244937789704806,0.3340454457176151,0.0,"(0.708314142556072, 0.5719598782824299, 0.9997831334143014)"
0.9433926785699023,0.890938387821736,0.46429781307637297,0.6174007514372369,0.7064,"(0.9160657482859569, 0.8755117366342869, 0.9996630085839707)"
0.9572347723720798,0.7043795620437956,0.7043795620437956,nan,0.9537981568522813,"(0.9569675060760165, 0.9910740725072973, 0.9997870669687859)"
0.8634562058101889,0.9281724387198528,0.762908080574207,0.8384252925976592,0.8149528530431218,"(0.8558466042334043, 0.919234821546161, 0.9992185084888279)"
0.9874621263510153,0.8317030961965314,0.7769004071899395,0.8827918723453105,0.7240861433833947,"(0.9839009377812618, 0.978023088023088, 0.999921372387838)"
0.9596962862306151,0.9370747723657042,0.7175504149348559,0.7265332334367977,0.8936099273784344,"(0.9519461502914632, 0.9642780603900425, 0.9993806445060425)"
0.9705857540564101,0.9119581997387484,0.7683768261187989,0.8567009033535453,0.8171761381259262,"(0.964889903329753, 0.9902852418354692, 0.9997964737789073)"
0.9791324374920609,0.8544996842170808,0.7530920569375236,0.24818018326624988,0.9340891789015769,"(0.9768217511478102, 0.9899162263903278, 0.9990944394902627)"
0.9663293880446552,0.87723967675365,0.7769367693516573,0.7064127931493075,0.919130131032746,"(0.9622668351506732, 0.955171478095217, 0.9993774779974228)"
0.9405936882467293,0.9655327814127387,0.8503806830541658,0.9627914534080754,0.7760921876634732,"(0.935958941674316, 0.9942963680743803, 0.9987976989305991)"
0.9222245314389359,0.4900209769253821,0.0,0.08087270341207349,0.8721869279638204,"(0.9122056816242962, 0.869852148624189, 0.9995841261625358)"
0.8891497046369726,0.5581609312904916,0.08600247743762165,0.47924413960278767,0.5050816219062665,"(0.8116108129552693, 0.7691215171895234, 0.9993172765425555)"
0.919508907966399,0.6370599643465825,0.5571543783692007,0.16849071010435226,0.860522891281202,"(0.9083447907600584, 0.9763193810500818, 0.9978207828842317)"
0.9460022650056625,0.9082529518526826,0.7897252778897655,0.7501921598770177,0.8236252960802791,"(0.9366513432359896, 0.9572029871011541, 0.9996407289959839)"
0.9277602871458147,0.7449896708072867,0.662872971426851,0.5798029556650246,0.7134226069705577,"(0.9047534443493289, 0.9455453900948652, 0.9995180299982449)"
0.77965598169989,0.8287150707354145,0.5780916406634915,0.5324675324675324,0.7508039953036465,"(0.7674557140617652, 0.8729360579151956, 0.9987333383306026)"
0.7980522808815992,0.5554003724394786,0.48823836905384216,0.02127659574468085,0.7276235456744614,"(0.7750114207400639, 0.7912779850746269, 0.9995173338870899)"
0.8747534846408397,0.8321400159108989,0.6848969289019773,0.5604180274330502,0.8057718348002708,"(0.8607218525814965, 0.9687081659973227, 0.9996216294254522)"
0.981616555785541,0.9137811052719986,0.7139819674337236,0.6745975700291524,0.9568704341304104,"(0.9793637183514077, 0.9810155311290107, 0.999420911681424)"
0.9558940136891584,0.8758179518668548,0.7877851456039829,0.5963810002513195,0.8749781735638205,"(0.9498365883396942, 0.9182173245919933, 0.9998767914968499)"
0.9829492746364472,0.9142285981139959,0.7850210970464135,0.7853662520075129,0.9524707780555877,"(0.9815676230472979, 0.9805980960264901, 0.999574048872977)"
0.8678123578714834,0.8533851635892452,0.7228519195612432,0.7270300333704116,0.7762145288213488,"(0.8523584905660377, 0.8148392243921052, 0.9996852499941266)"
0.8800957984068308,0.8672446414955804,0.0,0.8458398927176258,0.4942818550202611,"(0.8526897081085691, 0.986774575602053, 0.9992540193764002)"
0.8984913305199366,0.7906837369931154,0.6592432281485618,0.7204004795658667,0.8183933098007629,"(0.8828765471789102, 0.8232028327515035, 0.9992379563599655)"
0.9774702296959012,0.9206344392551707,0.8266910857188359,0.7660684739722541,0.9495918140470102,"(0.9760046842978433, 0.9843932092349366, 0.9995263100909485)"
0.9490952543530216,0.7906847575973974,0.7525494276795005,0.43183742591024554,0.8513213879067537,"(0.9403409090909091, 0.8934382603406326, 0.9999798817586895)"
0.8950674324213679,0.902658818276879,0.686232703855191,0.8361388541214335,0.7556042062114984,"(0.8780318686099631, 0.8344660946867893, 0.9994194825984507)"
0.961825307835533,0.9215575865205526,0.8140310799843699,0.8010848508330105,0.8743460626604228,"(0.9567255553612034, 0.9545105521558043, 0.999802236551438)"
0.9863460037009031,0.9446480509306368,0.7522057207447643,0.7945517896737408,0.9650492595894024,"(0.9850319780567854, 0.9799533361939498, 0.9998343329642716)"
0.9583205117293124,0.9382315682797061,0.8465837662632719,0.5928621196872339,0.9277459454209964,"(0.9555524524349799, 0.9191706851854339, 0.9999205208359703)"
0.9753413490931323,0.9241291418861513,0.7911440040140492,0.7962085308056872,0.9247973780946898,"(0.972729321613703, 0.9777346278317152, 0.9998868876218403)"
0.962848012928818,0.8064067774174333,0.7998932051795488,0.0,0.9289407750946213,"(0.9607793718495541, 0.9298271947764415, 0.9999655088109771)"
0.9582701599761949,0.7282325614133878,0.650165536812234,0.6206443129520053,0.8793244154277401,"(0.9522698173449377, 0.9570004560557691, 0.999817269258302)"
0.9754101133096567,0.9415819020621422,0.8266374994741492,0.20525579225625876,0.9264703594816992,"(0.9717910911066273, 0.9866451307910494, 0.9997485807212599)"
0.9507628631152037,0.5997876320978915,0.6799468791500664,0.1776730138853081,0.7911396646974905,"(0.9354251104330799, 0.8966658227185026, 0.9997330070187033)"
0.9642877850576917,0.9410334788937409,0.7147517903315328,0.792022792022792,0.8696102938635395,"(0.9570930213865058, 0.9633653005965545, 0.9994770035239595)"
0.9682455376578145,0.8958764383462194,0.6916036485538317,0.8189574694426955,0.8813094122372472,"(0.9625356974092413, 0.9919121772545865, 0.9992593040429862)"
0.9417730532526322,0.9048727050391481,0.7619707706463679,0.7340278796771826,0.80081671993101,"(0.929925934994185, 0.9426195942172861, 0.9992272496417367)"
0.9405864276133721,0.915907186526943,0.860104250683167,0.7431975290483894,0.878318539337202,"(0.9358630826921597, 0.8819973192200865, 0.9999523506735084)"
0.9671425334239746,0.6269852625554443,0.5705854946420251,0.24,0.8804693229039354,"(0.9615350605712265, 0.9998161088635528, 0.9998538522230458)"
0.985218600164553,0.8744145601840386,0.7855749759010036,0.8743472993859392,0.8432209593076027,"(0.9824102958851572, 0.9913871229311038, 0.9995491885965965)"
0.9648823406716347,0.0,0.0,0.0,0.9361204502265751,"(0.962872378814001, 0.9987315713958953, 0.999589616104622)"
0.9596037765051849,0.9348316463540591,0.7898695583392058,0.8688728346150858,0.8335965936405466,"(0.9534432935748177, 0.9862717118535649, 0.9992399719081664)"
0.9562951673958999,0.8705099251158921,0.7145447702466897,0.7533883782520642,0.8984909456740443,"(0.9498233375100184, 0.9113180981262862, 0.9999604519341145)"
0.984622213767082,0.9510590894069739,0.8389016018306636,0.9297068019327897,0.8065164301833132,"(0.9825032919064197, 0.986739370663575, 0.9998637362439031)"
0.92226760447997,0.6185695871255029,0.492204794875418,0.35835240274599545,0.8419400797010179,"(0.9100170699325332, 0.9195597415398095, 0.9991623054647243)"
0.9744078110855882,0.8372418779088157,0.7319905456787587,0.39527913076058446,0.9197349694588393,"(0.971323369899799, 0.9567994640361314, 0.9998696658837938)"
0.9451328848065291,0.9049062441206598,0.7812577802121197,0.4453135184460957,0.9041700027563757,"(0.9401535251398778, 0.9027694947529217, 0.9998082522692981)"
0.9778406453364631,0.8620068621909056,0.7044401308081073,0.6370856719262946,0.7226800335922737,"(0.9692890350930433, 0.9519217013971675, 0.9998834586653872)"
0.9502352489658996,0.911427732079906,0.7470056460298293,0.7844842785777255,0.7790262172284644,"(0.939026089379637, 0.953371998443965, 0.9995072536440371)"
0.9529837483673426,0.942926443589778,0.8836230649767046,0.8078697421981004,0.9176169977091357,"(0.9504564468892569, 0.9217599845953208, 0.9997683869273495)"
0.9336513106871414,0.8857051837955506,0.6972076913208946,0.7496557679292399,0.7970854704951824,"(0.9175805648774065, 0.8867268721099836, 0.999664800769489)"
0.8741496477048084,0.913744455191275,0.7203424410929311,0.04524669073405536,0.6798385481659504,"(0.8359681860751178, 0.722265609274989, 0.9999191676249123)"
0.9262272955150206,0.637002065506049,0.0664935064935065,0.5431424766977363,0.7505226680413553,"(0.9001513648937836, 0.931159224663895, 0.999713457940377)"
0.933150857985051,0.8295094936708861,0.7821928725947854,0.8547780285929271,0.6941255908170155,"(0.9177674177674178, 0.9582206598161168, 0.9998922504046777)"
0.9701356607532492,0.809700631947968,0.7094638792223763,0.3627164818057988,0.8348481918391026,"(0.9624930002025474, 0.9789624207758213, 0.9994832276783255)"
0.917092229551148,0.8216715301430133,0.5937236138474529,0.5040248303010422,0.8592630022645181,"(0.8951501799136182, 0.9788080648852051, 0.9981453732784656)"
0.8903712896886958,0.8714493809176985,0.8652286135693216,0.0,0.6092889633708403,"(0.8722583755121716, 0.774283269148481, 0.9999988785819355)"
0.8751472416062129,0.8713656897949728,0.7905411720721562,0.02546201232032854,0.8359459893603953,"(0.8681406362606816, 0.8173490900572703, 0.9990763453009096)"
0.9670323966907834,0.7579739577111456,0.7437700842781786,0.2248995983935743,0.9247942709969219,"(0.964357857880325, 0.941957972968529, 0.9998802882685675)"
0.9552875303156079,0.9431392318374646,0.8863037143253619,0.7934398113409797,0.5853438556933483,"(0.9488101671542776, 0.9221574238417792, 0.9999327826002703)"
0.7779567530629179,0.24536628420123566,0.24777183600713013,0.0,0.7226413144569598,"(0.7581991176314251, 0.6122413941110825, 0.9999964107509673)"
0.7935040158597606,0.1601685985247629,0.14286580559092837,0.005194805194805195,0.7403373046572799,"(0.7632613348900564, 0.6255901191721744, 0.999878849141503)"
0.986467041020527,0.9257795127736325,0.7440252741126184,0.7122116589284399,0.9771164922276584,"(0.9858683421510592, 0.9891243373629147, 0.9997160287584386)"
0.9494983000248777,0.8823483850979784,0.7306284017812964,0.5712758374910906,0.9194567984112333,"(0.9460325096212274, 0.9008703828720224, 0.9999657225355776)"
0.9556100493822156,0.9412091873519415,0.786450343235244,0.7492090794606383,0.8166630675906477,"(0.946713700685237, 0.9423350122691463, 0.999661271520525)"
0.8586485724537393,0.8814887101658984,0.7049200787212595,0.6781179648806844,0.6764653733515122,"(0.8291923782683092, 0.726596740708577, 0.9995631557019776)"
0.9186169915656593,0.5297361165813312,0.22129570237331622,0.05714285714285714,0.8520520671883466,"(0.90477995477538, 0.9805927017225748, 0.999257275325786)"
0.9367401716972957,0.8798959145159316,0.48926980041146245,0.2104144527098831,0.8557182294736189,"(0.9151685302088574, 0.9645867542419266, 0.9975987787348092)"
0.867135840792635,0.8176639973096244,0.7500761462946042,0.5727124183006536,0.8010533722839414,"(0.8555685500459943, 0.8461925313631542, 0.9983626244278863)"
0.9552380952380952,0.9379571465450478,0.8404740200546946,0.8716387620497209,0.919605077574048,"(0.9524140985888755, 0.9655504234026174, 0.9998914874910438)"
0.9785025562334472,0.9480050430842442,0.8439963441105907,0.8466461781374235,0.9529560234525485,"(0.9769440136721841, 0.9877761955808707, 0.999511021073286)"
0.8948013057133386,0.9083776453100817,0.7897209237747026,0.8590028580501746,0.7843874744965847,"(0.8831283939828974, 0.7933408843682364, 0.9999322024658833)"
0.8280698870602095,0.7036890976230595,0.48030188679245284,0.6445497630331753,0.7415039707401324,"(0.802957637030118, 0.8007890781563126, 0.9986020049636221)"
0.926484000667977,0.7639066204632501,0.5576981527135186,0.6140461657194977,0.8843876695645756,"(0.9183140406217439, 0.9101171278221015, 0.9991330584953968)"
0.9639465391720091,0.811935553789466,0.676968163047822,0.5956210036814571,0.7161948399061802,"(0.9498927783986227, 0.9134475747894278, 0.9999810204740793)"
0.9604979291948429,0.6946972272515239,0.07596402987349489,0.559246356009575,0.5364891518737672,"(0.9284854954588586, 0.940428891386989, 0.9988595442720554)"
0.9218337345455395,0.7948321066430806,0.6251355689557937,0.7064838484778062,0.8749955194241923,"(0.914200690088634, 0.8702001147699108, 0.9996892000935907)"
0.9276742356420065,0.8412201102332502,0.21985626829917487,0.8068243858052775,0.54268409921169,"(0.904339011634687, 0.8278152764776404, 0.9999590661658372)"
0.9740532921600379,0.9603190630048465,0.7815829528158296,0.9602914717524289,0.6343509501404239,"(0.9709340516955639, 0.965644142362235, 0.99977848472003)"
0.9613825757575758,0.13920163766632548,nan,0.13920163766632548,0.5251036519566081,"(0.9112629471668553, 0.879679032054783, 0.9998632016339178)"
0.954479390733097,0.8823482744942484,0.6307692307692307,0.42692533803644916,0.7551496417029647,"(0.9337821152512559, 0.9068331143232589, 0.9998785473269775)"
0.9490547957139124,0.791175840651103,0.6202525746772916,0.1772692601067887,0.8819950216649765,"(0.9396217064508136, 0.8875192604006163, 0.9999908657900382)"
0.9833181623971318,0.8979219543147208,0.8889511385009404,0.1145374449339207,0.9732612418981093,"(0.983026499829887, 0.9703407486644319, 0.9999293736319707)"
0.9723910421642585,0.5288919102651257,0.45713212508216733,0.7792672028596962,0.9355572499682298,"(0.9703770425251192, 0.9631070650599982, 0.9998032304360448)"
0.9245630588129577,0.698705066144732,0.0,0.712693135145707,0.8223919642048785,"(0.9091974329391405, 0.8373108434535026, 0.9999375066377854)"
0.8641423017521436,0.7859984089101034,0.7379101899827288,0.6414141414141414,0.8047130700414575,"(0.8524324637010471, 0.7967128027681661, 0.9999247589736138)"
0.9371088425913048,0.8470856408083347,0.7023807128051357,0.7615491304811693,0.7688248427034706,"(0.9213701964875674, 0.8833885344655122, 0.9998267626171086)"
0.9254737468007549,0.8566663740893531,0.4322646110042557,0.5886598981347185,0.8563638832315004,"(0.9055556010582098, 0.9951396014473187, 0.9974360979692444)"
0.8655985856327759,0.8799552715158763,0.5206928664555783,0.8585507477992196,0.691671552229541,"(0.8396761627552309, 0.7577702277589027, 0.9993172122210128)"
0.9778791385334397,0.8223966065747614,0.7754350428137372,0.6270912034538586,0.9586869193043563,"(0.977043522869035, 0.9636179656417451, 0.9998679585123599)"
0.8350002618212284,0.3205473978623514,0.26162184698770063,0.12949640287769784,0.5928251361721538,"(0.7422494887525563, 0.8005057930953361, 0.9993190414809461)"
0.9742473579367819,0.9037841899174963,0.7739850182358208,0.5371477369769427,0.9493690145887407,"(0.9718456647852284, 0.9889009677443877, 0.9993081719048804)"
0.8419165500135072,0.7591003748438151,0.6138915318744054,0.14448160535117058,0.7610573239534721,"(0.8158647519881, 0.824568504437827, 0.9992342182691712)"
0.6737124001721582,0.6839170198527772,0.6839170198527772,nan,0.6077291839631485,"(0.653689980712618, 0.48754542701393094, 0.9999877533250003)"
0.9567456581171373,0.828919606664706,0.7014830404777055,0.7091661738616204,0.8049498995953233,"(0.9461372208331568, 0.9760995657116208, 0.9993230053765995)"
0.9231241054998978,0.4291905494198239,0.3240005988920497,0.008438818565400843,0.8412960701199799,"(0.908422231964538, 0.9578325629173087, 0.9996699460189358)"
0.9349561860884994,0.7550629161002474,0.6862063255505878,0.8775645268034414,0.6876265466816648,"(0.9150350716681915, 0.9346264069443868, 0.99970718463251)"
0.9441150014991505,0.9014114935906669,0.6691888173733602,0.8594696080732223,0.8851039408238746,"(0.9378945225005091, 0.900937105464374, 0.9997412392798319)"
0.945010183299389,0.8143771541112752,0.765891472868217,0.20833333333333334,0.8920272178713571,"(0.9399332591768632, 0.956964892412231, 0.999960776271213)"
0.9290261369896554,0.8726994598212152,0.7853641456582633,0.7242928892413428,0.8671363298746314,"(0.9218692092584482, 0.8995035997238569, 0.9998222514634741)"
0.9208282716124032,0.8721039171498747,0.6889870321058215,0.4686362417136069,0.7644777907379969,"(0.8962192775772249, 0.9577269577269577, 0.9986814448595577)"
0.9457972577114686,0.943119051789572,0.7774784482758621,0.8993594178961231,0.8563023242198935,"(0.9399169132629184, 0.958290512963561, 0.9993782443355167)"
0.981789008558875,0.8774586031887079,0.7877050159575376,0.7482932671742664,0.8729792521715197,"(0.9783235778713466, 0.9628547498003467, 0.9999356127553516)"
0.9661877507541725,0.8756124738601498,0.7144861672495759,0.6858815582076109,0.9454343120589925,"(0.9628834458730896, 0.9905638052416731, 0.9992300700082778)"
0.9740235165150665,0.9174722680090881,0.8107738679377541,0.8961007211832295,0.9482742709486895,"(0.9724557361396517, 0.9673889103022961, 0.9996325502573573)"
0.9650240004401227,0.9183056220482629,0.8186962854252138,0.8157090736511138,0.9163376642021391,"(0.9615416606803935, 0.9495082995452611, 0.9996116575616878)"
0.9713039607423345,0.8505557465337459,0.5703303552877623,0.748538879715012,0.8823565207161084,"(0.9653544213900459, 0.9815123207827015, 0.9990862368021675)"
